"","category","name","reviewer","reviews","verified","date.of.review","ratings"
"1","T-shirt","Dickies Men's Heavyweight Crew Neck Short Sleeve Tee","Drew H","top quality thick cotton. Initially it seemed that it was too large but it shrank to a perfect fit after a wash.","Verified Purchase","Reviewed in Australia on 1 May 2023","4.5 out of 5 stars"
"2","T-shirt","Dickies Men's Heavyweight Crew Neck Short Sleeve Tee","Alex Gray","Nice colour, fits well","Verified Purchase","Reviewed in Australia on 11 January 2024","5.0 out of 5 stars"
"3","T-shirt","Dickies Men's Heavyweight Crew Neck Short Sleeve Tee","Drew H","Great shirt nice and thick material like it says","Verified Purchase","Reviewed in Australia on 1 May 2023","3.0 out of 5 stars"
"4","T-shirt","Dickies Men's Heavyweight Crew Neck Short Sleeve Tee","IR","Good product everyday go for top very comfortable and better as they get washed","Verified Purchase","Reviewed in Australia on 22 January 2024","5.0 out of 5 stars"
"5","T-shirt","Dickies Men's Heavyweight Crew Neck Short Sleeve Tee","Chelsea","I have maybe 5-10 dickies t shirts. These heavyweight ones are my favourite. They just last, they are warm, they feel good, they look good. The price is right.","Verified Purchase","Reviewed in Australia on 28 April 2023","5.0 out of 5 stars"
"6","T-shirt","Dickies Men's Heavyweight Crew Neck Short Sleeve Tee","wendy elizabeth anderson","Great tee, nice thick weight cotton, good banding at the neck. Slightly oversized, I order down a size.","Verified Purchase","Reviewed in Australia on 22 February 2023","5.0 out of 5 stars"
"7","T-shirt","Dickies Men's Heavyweight Crew Neck Short Sleeve Tee","Michael Hewson","I'm a big guy. I bought the XXL but it's ridiculously big. Go a size or 2 down. Good quality material though.","Verified Purchase","Reviewed in Australia on 20 September 2023","4.0 out of 5 stars"
"8","T-shirt","Dickies Men's Heavyweight Crew Neck Short Sleeve Tee","Dan","Own a few Dickies pocket tees and ordered a size up as I‚Äôd added a bit of muscle. Fit is quite boxy (as expected) and material is definitely more heavyweight than my other dickies pocket tees.Did not experience any shrinking after first wash and dry cycle (might be because I choose delicate setting)Love the earthy colour, I‚Äôve bought worse tshirts at this price point. Bargain!","Verified Purchase","Reviewed in Australia on 30 September 2022","5.0 out of 5 stars"
"9","T-shirt","Dickies Men's Heavyweight Crew Neck Short Sleeve Tee","Alex Gray","Not 100% cotton. Actually a 50% cotton/polyester blend.","Verified Purchase","Reviewed in Australia on 11 January 2024","5.0 out of 5 stars"
"10","T-shirt","Dickies Men's Heavyweight Crew Neck Short Sleeve Tee","eddy sang","Great winter T-shirt... I'm still getting used to it; but I think it is ok. Doesn't feel soft against the skin. But it is ok","Verified Purchase","Reviewed in Australia on 28 June 2021","3.0 out of 5 stars"
"11","T-shirt","Dickies Men's Heavyweight Crew Neck Short Sleeve Tee","Drew H","I know  these have a lot of positive reviews but I thought they were awful and dropped them off at the local op shop.","Verified Purchase","Reviewed in Australia on 1 May 2023","4.5 out of 5 stars"
"12","T-shirt","Dickies Men's Heavyweight Crew Neck Short Sleeve Tee","Alex Gray","Pleased with it.","Verified Purchase","Reviewed in Australia on 11 January 2024","5.0 out of 5 stars"
"13","T-shirt","Dickies Men's Heavyweight Crew Neck Short Sleeve Tee","Tom Sanders","This t-shirt is a bit bigger than a large.  I wear it, but not often.  I would imagine it would be great on colder days.","Verified Purchase","Reviewed in Australia on 18 December 2023","3.0 out of 5 stars"
"14","T-shirt","Dickies Men's Heavyweight Crew Neck Short Sleeve Tee","STEPHEN HANSEN","It was somewhat medium weight compared to dickies heavyweight shirts. It was also unusually long. Feel like it was the wrong product, or a different dickies line than I'm used to buying.","Verified Purchase","Reviewed in Australia on 19 March 2023","1.0 out of 5 stars"
"15","T-shirt","Dickies Men's Heavyweight Crew Neck Short Sleeve Tee","Soul Origin Indooroopilly","Thick material and very high quality. Would be good for work but got it for casual wear.","Verified Purchase","Reviewed in Australia on 6 August 2022","5.0 out of 5 stars"
"16","T-shirt","Dickies Men's Heavyweight Crew Neck Short Sleeve Tee","Aaron Caddy","No issues, if you want a baggy/loose fit choose a size up. Although choosing your correct size is still quite roomy, and loose. Really just depends on what you want to achieve.","Verified Purchase","Reviewed in Australia on 12 May 2023","3.0 out of 5 stars"
"17","T-shirt","Dickies Men's Heavyweight Crew Neck Short Sleeve Tee","Nathan","Heavy duty, quality tshirts","Verified Purchase","Reviewed in Australia on 28 June 2022","2.0 out of 5 stars"
"18","T-shirt","Dickies Men's Heavyweight Crew Neck Short Sleeve Tee","James","Good quality, heavy weight, was a bit larger than expected, however after a hot wash and tumble dry, it shrank down a bit.","Verified Purchase","Reviewed in Australia on 18 April 2021","5.0 out of 5 stars"
"19","T-shirt","Dickies Men's Heavyweight Crew Neck Short Sleeve Tee","David Bayly","Good quality , good size ,good colour","Verified Purchase","Reviewed in Australia on 24 June 2022","5.0 out of 5 stars"
"20","T-shirt","Dickies Men's Heavyweight Crew Neck Short Sleeve Tee","Samuel Fisher","Absolutely perfect!","Verified Purchase","Reviewed in Australia on 26 August 2020","5.0 out of 5 stars"
"21","T-shirt","Dickies Men's Heavyweight Crew Neck Short Sleeve Tee","Drew H","Like style and colour but beware as it shrinks badly and is generous fit so would have to be for shorter guy and have a big aussie pot for this one.","Verified Purchase","Reviewed in Australia on 1 May 2023","4.5 out of 5 stars"
"22","T-shirt","Dickies Men's Heavyweight Crew Neck Short Sleeve Tee","Alex Gray","The description says 100% cotton but it is really cotton and polyester.","Verified Purchase","Reviewed in Australia on 11 January 2024","5.0 out of 5 stars"
"23","T-shirt","Dickies Men's Heavyweight Crew Neck Short Sleeve Tee","daryll w timms","I am very satisfied with this purchase because of the quality of the material, the roominess of the fit and the fact that it has a pocket for my glasses.","Verified Purchase","Reviewed in Australia on 27 November 2021","3.0 out of 5 stars"
"24","T-shirt","Dickies Men's Heavyweight Crew Neck Short Sleeve Tee","Eric","Wonderful product, heavy duty cotton and thick feel. The sizing runs extremely large. I ordered a 5XL and it's more like a 7 or 8 XL. Much larger fit then my many 5XL and 6XL shits I already own.","Verified Purchase","Reviewed in Australia on 2 September 2021","3.0 out of 5 stars"
"25","T-shirt","Dickies Men's Heavyweight Crew Neck Short Sleeve Tee","BILL KARATHANASSIS","Fit is good. Quality is good. Pleased. I shall be buying something else from Dickies I have my eye on based on this tee shirt.","Verified Purchase","Reviewed in Australia on 30 June 2021","1.0 out of 5 stars"
"26","T-shirt","Dickies Men's Heavyweight Crew Neck Short Sleeve Tee","Kosta Markovic","great quality, thick wearable cotton  , size, length all perfect ,I can't fault this T shirt highly recommneded so much so I bought 4 more","Verified Purchase","Reviewed in Australia on 17 June 2020","5.0 out of 5 stars"
"27","T-shirt","Dickies Men's Heavyweight Crew Neck Short Sleeve Tee","Huw M.","My husband likes the fit! Has a good supporting pocket for his phone","Verified Purchase","Reviewed in Australia on 13 February 2021","5.0 out of 5 stars"
"28","T-shirt","Dickies Men's Heavyweight Crew Neck Short Sleeve Tee","Dominique S.","I LIKE QUALITY. DICKIES MANUFACTURES QUALITY AND OFFERS A WIDE ARRAY OF COLORS. I HAVE USED DICKIES FOR MANY DECADES. CUSTOMER SATISFACTION WAS NEVER IN QUESTION ! I KNEW DICKIES FOR WHAT IT REPRESENTED : ITS HIGH QUALITY EPITOMIZES AMERICAN KNOW-HOW IN MANUFACTURING. STELLAR COMPANY.","Verified Purchase","Reviewed in Australia on 21 July 2020","5.0 out of 5 stars"
"29","T-shirt","Dickies Men's Heavyweight Crew Neck Short Sleeve Tee","Gibbons","Me gusta mucho esta marca por su confianza, sobriedad y que me va muy bien al estar trabajando...hasta me siento gringo",NA,"Reviewed in Canada on 26 June 2021","5.0 out of 5 stars"
"30","T-shirt","Dickies Men's Heavyweight Crew Neck Short Sleeve Tee","D. G. SMITH","My husband owns this in 5 different colours.  He‚Äôs 6‚Äô1, 225lbs and a regular 2xl is too wide for him, but the length is good.  A regular xl is not long enough buts fits otherwise.  So for him the only properly fitting T-shirt has to be an Xl T and not many places have them and if they do the colours are not for him.  So this has been a life saver.",NA,"Reviewed in Canada on 3 May 2023","5.0 out of 5 stars"
"31","T-shirt","Dickies Men's Heavyweight Crew Neck Short Sleeve Tee","Drew H","Disappointed on the whole bought a few of these. The neck line is just too loose nowadays it needs to be tighter. Only available from USA so not cheap but not really worth it in hindsight","Verified Purchase","Reviewed in Australia on 1 May 2023","4.5 out of 5 stars"
"32","T-shirt","Dickies Men's Heavyweight Crew Neck Short Sleeve Tee","Alex Gray","Nice t shirts - fit well and seem to be good quality.  I washed them before my husband wore them and they came out well.","Verified Purchase","Reviewed in Australia on 11 January 2024","5.0 out of 5 stars"
"33","T-shirt","Dickies Men's Heavyweight Crew Neck Short Sleeve Tee","Rubik Cube","Fits very well and feels very comfortable. Heavier fabric so it's more rugged than a typical t-shirt and as a result more durable. Highly recommend.","Verified Purchase","Reviewed in the United Kingdom on 26 September 2019","3.0 out of 5 stars"
"34","T-shirt","Dickies Men's Heavyweight Crew Neck Short Sleeve Tee","Elizabeth Babcock","good shirts !!!!","Verified Purchase","Reviewed in Canada on 24 December 2020","2.0 out of 5 stars"
"35","T-shirt","Dickies Men's Heavyweight Crew Neck Short Sleeve Tee","TR","Unfortunately they shipped us charcoal coloured ones and I had ordered black.  But we kept them and will order black again.","Verified Purchase","Reviewed in Canada on 31 December 2023","5.0 out of 5 stars"
"36","T-shirt","Dickies Men's Heavyweight Crew Neck Short Sleeve Tee","poppy","The fabric is heavy enough to keep you warm when cycling in cooler weather.","Verified Purchase","Reviewed in the United States on 31 May 2015","5.0 out of 5 stars"
"37","T-shirt","Dickies Men's Heavyweight Crew Neck Short Sleeve Tee","Jackie Pawluk","Dit Nice, good textile","Verified Purchase","Reviewed in Canada on 17 March 2022","4.0 out of 5 stars"
"38","T-shirt","Dickies Men's Heavyweight Crew Neck Short Sleeve Tee","Dave Pearcy","Me quedo muy  bien esta amplia y larga","Verified Purchase","Reviewed in Canada on 16 September 2021","5.0 out of 5 stars"
"39","T-shirt","Dickies Men's Heavyweight Crew Neck Short Sleeve Tee","Geoffrey G Marois","Top !","Verified Purchase","Reviewed in Canada on 2 August 2021","5.0 out of 5 stars"
"40","T-shirt","Dickies Men's Heavyweight Crew Neck Short Sleeve Tee","Alan","Great fabric and gitf","Verified Purchase","Reviewed in Mexico on 6 September 2023","5.0 out of 5 stars"
"41","T-shirt","Dickies Men's Heavyweight Crew Neck Short Sleeve Tee","Drew H","Son perfectas, dickies siempre es calidad / precio","Verified Purchase","Reviewed in Australia on 1 May 2023","4.5 out of 5 stars"
"42","T-shirt","Dickies Men's Heavyweight Crew Neck Short Sleeve Tee","Alex Gray","Excelente calidad.Buenos materiales su tela es gruesa, no es ideal para estar bajo el sol, las mangas algo cortas pero en general estoy complacido","Verified Purchase","Reviewed in Australia on 11 January 2024","5.0 out of 5 stars"
"43","T-shirt","Dickies Men's Heavyweight Crew Neck Short Sleeve Tee","Arturo Betancourt","I have gone through several brands from Everlane to Uniqlo, this by far the best value to quality. It shipped out to SG quick, well packed, and fits perfectly. It runs large, for my 5'11"" x 80kg frame, I usually wear a Large, but bought Medium. So far, I bought the classic colors, Black and White, but will get more after I wear them a few more times.","Verified Purchase","Reviewed in Mexico on 9 January 2024","3.0 out of 5 stars"
"44","T-shirt","Dickies Men's Heavyweight Crew Neck Short Sleeve Tee","Rob","Dise√±o y tela excelente.  El tama√±o es extra√±o. Muy reducido. No entend√≠.  Pero me gusta mucho.","Verified Purchase","Reviewed in Mexico on 17 March 2022","5.0 out of 5 stars"
"45","T-shirt","Dickies Men's Heavyweight Crew Neck Short Sleeve Tee","Brendon L.","My son is over 6‚Äô6‚Äù fits great","Verified Purchase","Reviewed in Singapore on 4 October 2022","5.0 out of 5 stars"
"46","T-shirt","Dickies Men's Heavyweight Crew Neck Short Sleeve Tee","Salvador Quiroz","Fits good, feels good. love the heavyweight cotton","Verified Purchase","Reviewed in Mexico on 1 August 2020","5.0 out of 5 stars"
"47","T-shirt","Dickies Men's Heavyweight Crew Neck Short Sleeve Tee","Sherry-Lee Toku","Passform ist ideal vor allem perfekt wenn man kr√§ftig gebaut ist.","Verified Purchase","Reviewed in Canada on 16 June 2023","4.0 out of 5 stars"
"48","T-shirt","Dickies Men's Heavyweight Crew Neck Short Sleeve Tee","Sheldon Lock","I like that there are no loose threads and it is high quality. I‚Äôm going to buy moreüôÇ.","Verified Purchase","Reviewed in Canada on 2 January 2024","5.0 out of 5 stars"
"49","T-shirt","Dickies Men's Heavyweight Crew Neck Short Sleeve Tee","Nicky Degreek","Unfortunately the size was too large for me (174cm, 80kg). I was unable to return the item because the return window was too short (2 days after the arrival).","Verified Purchase","Reviewed in Germany on 4 September 2023","5.0 out of 5 stars"
"50","T-shirt","Dickies Men's Heavyweight Crew Neck Short Sleeve Tee","Rick","Well, you get what you pay for alright, and these T shirts are just the quality I've been looking for.","Verified Purchase","Reviewed in Canada on 8 August 2023","5.0 out of 5 stars"
